.nvue/app.css.js	6ff5fcee1815ca701c08794a8a720d8ddc0f05d9effd511bcd48a445dad0cdc2
.nvue/app.js	c09bf631b9242e1eeb15f81d7ba6f43507ea2678dbbe7d27e3ee8f3ccb31ae30
app/__uniappautomator.js	89f2f105bc96bc2c1db1c73a98bb5cdba5b4c387f698a92fd8ebe9613ccdefc8
app/__uniappchooselocation.js	1fe3f6de4940638148eced7cd011f6a66cc51ce004168418a83d6013702dcf88
app/__uniapperror.png	7f8be3263ad01b19844b6a5e6609ac81e2c3c1370c4abd6b7c6083645a038e19
app/__uniappopenlocation.js	ab1d65abbb467814a21b060446873a05c3488a4d3a3aa4c3c7db81f6f004d849
app/__uniapppicker.js	0225bf57d33dd83703ef357c998be1e4d29b9cb210bfc15b09aea227939afc27
app/__uniappquill.js	c675f57388d3598637c4e0f9fe154bd61dfb1c2086271f944a0bb2b9b059b074
app/__uniappquillimageresize.js	0ced3f913300f4c8177e1953dbf78c740d29b6bfb6ef2094ae1d881855d84ebf
app/__uniappscan.js	68ecdd7a6289f286f84f864047096d427ec844c0edb7738a6ea4934bd20104f9
app/__uniappsuccess.png	fbb49724e75bed2bf0ecbf45f01dbd093ee80bcff204826de3861fe52a727092
app/__uniappview.html	8eca0c42adc22eebad3dcffb01bce0b92ad08ffbb0267577b32647fb9b205178
app/app-config-service.js	8620b212c0c7a82ea4c7732cab97c15d75a7685876c805a46ae5110f71bc0cb3
app/app-config.js	0df9a681956d3517ba546fb467fb16450db50fbe22a87f318e12789161f3b78f
app/app-service.js	1a3a021606da367d047585fae1d0dfaca2d722fc060a568978181c5a707d9743
app/app.css	f651244d3e052e7f3cab91edc2ea270b50acb29124d8ca60ea5dcde120f2dc54
app/manifest.json	3ca38c0f92d2eda9434bd09e62469503cf03aeabd019fa5d2f0659608874b676
app/pages/index/index.css	3b28cf66efa55cb252d69d41e106b2c58bdbe75a2bdef11485f4fc49650c745f
app/static/.gitkeep	e3b0c44298fc1c149afbf4c8996fb92427ae41e4649b934ca495991b7852b855
app/uni-app-view.umd.js	9ec39d1e15606a03e14f292698e85c6a91da84602f18fcea55edf10364f1123c
